{"not_sarcasm_f_measure": 0.6469194312796209, "not_sarcasm_precision": 0.7146596858638743, "sarcasm_recall": 0.5909090909090909, "not_sarcasm_recall": 0.5429447852760735, "sarcasm_f_measure": 0.48360655737704916, "accuracy": 0.6016042780748663, "sarcasm_precision": 0.6188811188811189}