{"perceptron": {"not_sarcasm_f_measure": 0.6469194312796209, "sarcasm_recall": 0.48360655737704916, "not_sarcasm_recall": 0.7146596858638743, "accuracy": 0.6016042780748663, "not_sarcasm_precision": 0.5909090909090909, "title": "perceptron_all_features", "sarcasm_f_measure": 0.5429447852760735, "sarcasm_precision": 0.6188811188811189}}