{"polarity_for_sarcasm": {"sarcasm_recall": 0.20742753623188406, "not_sarcasm_f_measure": 0.6024096385542168, "not_sarcasm_recall": 0.792572463768116, "accuracy": 0.5126610395379831, "not_sarcasm_precision": 0.5136035535813437, "sarcasm_precision": 0.5088888888888888, "sarcasm_f_measure": 0.2947232947232947}}