{"multinomialnb": {"not_sarcasm_precision": 0.5931758530183727, "not_sarcasm_f_measure": 0.5923984272608126, "sarcasm_precision": 0.5760869565217391, "sarcasm_recall": 0.5776566757493188, "accuracy": 0.5847797062750334, "title": "MultinomialNB", "not_sarcasm_recall": 0.5916230366492147, "sarcasm_f_measure": 0.5768707482993197}, "BernoulliNB": {"not_sarcasm_precision": 0.5804020100502513, "not_sarcasm_f_measure": 0.5923076923076923, "sarcasm_precision": 0.5698005698005698, "sarcasm_recall": 0.5449591280653951, "accuracy": 0.57543391188251, "title": "BernoulliNB", "not_sarcasm_recall": 0.6047120418848168, "sarcasm_f_measure": 0.5571030640668524}, "gaussiannb": {"not_sarcasm_precision": 0.543859649122807, "not_sarcasm_f_measure": 0.6979362101313322, "sarcasm_precision": 0.8461538461538461, "sarcasm_recall": 0.14986376021798364, "accuracy": 0.5700934579439252, "title": " GaussianNB", "not_sarcasm_recall": 0.9738219895287958, "sarcasm_f_measure": 0.25462962962962965}}
