{"multinomialnb": {"not_sarcasm_precision": 0.5942408376963351, "sarcasm_recall": 0.5776566757493188, "accuracy": 0.5853333333333334, "title": "MultinomialNB", "not_sarcasm_f_measure": 0.5934640522875817, "sarcasm_f_measure": 0.5768707482993197, "not_sarcasm_recall": 0.5926892950391645, "sarcasm_precision": 0.5760869565217391}, "BernoulliNB": {"not_sarcasm_precision": 0.581453634085213, "sarcasm_recall": 0.5449591280653951, "accuracy": 0.576, "title": "BernoulliNB", "not_sarcasm_f_measure": 0.5933503836317136, "sarcasm_f_measure": 0.5571030640668524, "not_sarcasm_recall": 0.6057441253263708, "sarcasm_precision": 0.5698005698005698}, "gaussiannb": {"not_sarcasm_precision": 0.5445255474452555, "sarcasm_recall": 0.14986376021798364, "accuracy": 0.5706666666666667, "title": " GaussianNB", "not_sarcasm_f_measure": 0.698501872659176, "sarcasm_f_measure": 0.25462962962962965, "not_sarcasm_recall": 0.9738903394255874, "sarcasm_precision": 0.8461538461538461}}