{"multinomialnb": {"not_sarcasm_f_measure": 0.0, "sarcasm_precision": 0.96, "accuracy": 0.8888888888888888, "title": "MultinomialNB", "sarcasm_f_measure": 0.9411764705882353, "not_sarcasm_recall": 0.0, "not_sarcasm_precision": 0.0, "sarcasm_recall": 0.9230769230769231}, "BernoulliNB": {"not_sarcasm_f_measure": 0.07692307692307693, "sarcasm_precision": 1.0, "accuracy": 0.1111111111111111, "title": "BernoulliNB", "sarcasm_f_measure": 0.14285714285714288, "not_sarcasm_recall": 1.0, "not_sarcasm_precision": 0.04, "sarcasm_recall": 0.07692307692307693}, "gaussiannb": {"not_sarcasm_f_measure": 0.07142857142857142, "sarcasm_precision": 0.0, "accuracy": 0.037037037037037035, "title": " GaussianNB", "sarcasm_f_measure": 0.0, "not_sarcasm_recall": 1.0, "not_sarcasm_precision": 0.037037037037037035, "sarcasm_recall": 0.0}}