{"svm_with_three_features": {"title": "SVM with tweet,length and interjection", "not_sarcasm_f_measure": 0.5595567867036011, "sarcasm_f_measure": 0.5912596401028277, "not_sarcasm_recall": 0.5274151436031331, "accuracy": 0.576, "sarcasm_recall": 0.6267029972752044, "not_sarcasm_precision": 0.5958702064896755, "sarcasm_precision": 0.559610705596107}, "svm_with_four_features": {"title": "SVM with tweet,length,interjection and polarity", "not_sarcasm_f_measure": 0.5464788732394367, "sarcasm_f_measure": 0.5924050632911392, "not_sarcasm_recall": 0.5065274151436031, "accuracy": 0.5706666666666667, "sarcasm_recall": 0.6376021798365122, "not_sarcasm_precision": 0.5932721712538226, "sarcasm_precision": 0.5531914893617021}, "svm_with_two_features": {"title": "SVM with only tweet and length", "not_sarcasm_f_measure": 0.5674931129476584, "sarcasm_f_measure": 0.5943152454780363, "not_sarcasm_recall": 0.5378590078328982, "accuracy": 0.5813333333333334, "sarcasm_recall": 0.6267029972752044, "not_sarcasm_precision": 0.6005830903790087, "sarcasm_precision": 0.5651105651105651}}