{"svm_with_three_features": {"not_sarcasm_f_measure": 0.5615491009681881, "not_sarcasm_recall": 0.5314136125654451, "sarcasm_precision": 0.5612745098039216, "accuracy": 0.5767690253671562, "not_sarcasm_precision": 0.5953079178885631, "sarcasm_f_measure": 0.5909677419354838, "title": "SVM with tweet,length and interjection", "sarcasm_recall": 0.6239782016348774}, "svm_with_two_features": {"not_sarcasm_f_measure": 0.5694635488308115, "not_sarcasm_recall": 0.5418848167539267, "sarcasm_precision": 0.5668316831683168, "accuracy": 0.582109479305741, "not_sarcasm_precision": 0.6, "sarcasm_f_measure": 0.5940337224383917, "title": "SVM with only tweet and length", "sarcasm_recall": 0.6239782016348774}, "svm_with_four_features": {"not_sarcasm_f_measure": 0.5382436260623229, "not_sarcasm_recall": 0.4973821989528796, "sarcasm_precision": 0.548235294117647, "accuracy": 0.5647530040053405, "not_sarcasm_precision": 0.5864197530864198, "sarcasm_f_measure": 0.5883838383838385, "title": "SVM with tweet,length,interjection and polarity", "sarcasm_recall": 0.6348773841961853}}
