{"max_ent_with_all_features": {"sarcasm_precision": 0.5733333333333334, "sarcasm_f_measure": 0.5795148247978437, "title": "Maximum Entropy with all features", "not_sarcasm_f_measure": 0.41025641025641024, "sarcasm_recall": 0.5858310626702997, "not_sarcasm_recall": 0.4141689373297003, "not_sarcasm_precision": 0.5935828877005348, "accuracy": 0.5834445927903872}, "max_ent_with_only_pos": {"sarcasm_precision": 1.0, "sarcasm_f_measure": 0.042666666666666665, "title": "Maximum Entropy with all features", "not_sarcasm_f_measure": 0.6480144404332131, "sarcasm_recall": 0.021798365122615803, "not_sarcasm_recall": 0.9782016348773842, "not_sarcasm_precision": 0.5155195681511471, "accuracy": 0.520694259012016}, "max_ent_with_only_polarity": {"sarcasm_precision": 0.6077844311377245, "sarcasm_f_measure": 0.579172610556348, "title": "Maximum Entropy with all features", "not_sarcasm_f_measure": 0.4194373401534527, "sarcasm_recall": 0.553133514986376, "not_sarcasm_recall": 0.44686648501362397, "not_sarcasm_precision": 0.6048192771084338, "accuracy": 0.6061415220293725}, "max_ent_with_question_length_interjection": {"sarcasm_precision": 0.5617977528089888, "sarcasm_f_measure": 0.5532503457814663, "title": "Maximum Entropy with all features", "not_sarcasm_f_measure": 0.43947368421052635, "sarcasm_recall": 0.5449591280653951, "not_sarcasm_recall": 0.4550408719346049, "not_sarcasm_precision": 0.5750636132315522, "accuracy": 0.5687583444592791}, "max_ent_without_onamatopoeia_and_question": {"sarcasm_precision": 0.6166219839142091, "sarcasm_f_measure": 0.6216216216216216, "title": "Maximum Entropy with all features", "not_sarcasm_f_measure": 0.3687752355316285, "sarcasm_recall": 0.6267029972752044, "not_sarcasm_recall": 0.37329700272479566, "not_sarcasm_precision": 0.6356382978723404, "accuracy": 0.6261682242990654}, "max_ent_with_only_interjection": {"sarcasm_precision": null, "sarcasm_f_measure": null, "title": "Maximum Entropy with all features", "not_sarcasm_f_measure": 0.6577060931899642, "sarcasm_recall": 0.0, "not_sarcasm_recall": 1.0, "not_sarcasm_precision": 0.5100133511348465, "accuracy": 0.5100133511348465}}