{"max_ent_with_only_pos": {"sarcasm_precision": 0.9090909090909091, "accuracy": 0.582109479305741, "not_sarcasm_precision": 0.5505124450951684, "sarcasm_recall": 0.16348773841961853, "not_sarcasm_recall": 0.8365122615803815, "sarcasm_f_measure": 0.27713625866050806, "title": "Maximum Entropy with all features", "not_sarcasm_f_measure": 0.5847619047619048}, "max_ent_with_only_polarity": {"sarcasm_precision": 0.6077844311377245, "accuracy": 0.6061415220293725, "not_sarcasm_precision": 0.6048192771084338, "sarcasm_recall": 0.553133514986376, "not_sarcasm_recall": 0.44686648501362397, "sarcasm_f_measure": 0.579172610556348, "title": "Maximum Entropy with all features", "not_sarcasm_f_measure": 0.4194373401534527}, "max_ent_with_only_interjection": {"sarcasm_precision": null, "accuracy": 0.5100133511348465, "not_sarcasm_precision": 0.5100133511348465, "sarcasm_recall": 0.0, "not_sarcasm_recall": 1.0, "sarcasm_f_measure": null, "title": "Maximum Entropy with all features", "not_sarcasm_f_measure": 0.6577060931899642}, "max_ent_without_onamatopoeia": {"sarcasm_precision": 0.5916870415647921, "accuracy": 0.6101468624833111, "not_sarcasm_precision": 0.6323529411764706, "sarcasm_recall": 0.659400544959128, "not_sarcasm_recall": 0.3405994550408719, "sarcasm_f_measure": 0.6237113402061856, "title": "Maximum Entropy with all features", "not_sarcasm_f_measure": 0.35360678925035355}, "max_ent_with_all_features": {"sarcasm_precision": 0.5767195767195767, "accuracy": 0.5874499332443258, "not_sarcasm_precision": 0.5983827493261455, "sarcasm_recall": 0.5940054495912807, "not_sarcasm_recall": 0.40599455040871935, "sarcasm_f_measure": 0.5852348993288591, "title": "Maximum Entropy with all features", "not_sarcasm_f_measure": 0.4037940379403794}}