{"max_ent_with_question_length_interjection": {"sarcasm_recall": 0.6212534059945504, "not_sarcasm_precision": 0.5971014492753624, "title": "Maximum Entropy with all features", "not_sarcasm_recall": 0.3787465940054496, "sarcasm_precision": 0.5643564356435643, "sarcasm_f_measure": 0.5914396887159533, "not_sarcasm_f_measure": 0.3904494382022472, "accuracy": 0.5794392523364486}, "max_ent_with_all_features": {"sarcasm_recall": 0.5831062670299727, "not_sarcasm_precision": 0.5909090909090909, "title": "Maximum Entropy with all features", "not_sarcasm_recall": 0.41689373297002724, "sarcasm_precision": 0.5706666666666667, "sarcasm_f_measure": 0.5768194070080862, "not_sarcasm_f_measure": 0.41295546558704455, "accuracy": 0.5807743658210948}, "max_ent_without_onamatopoeia_and_question": {"sarcasm_recall": 0.6839237057220708, "not_sarcasm_precision": 0.6317460317460317, "title": "Maximum Entropy with all features", "not_sarcasm_recall": 0.31607629427792916, "sarcasm_precision": 0.5783410138248848, "sarcasm_f_measure": 0.6267166042446942, "not_sarcasm_f_measure": 0.3401759530791789, "accuracy": 0.6008010680907877}, "max_ent_with_only_polarity": {"sarcasm_recall": 0.553133514986376, "not_sarcasm_precision": 0.6048192771084338, "title": "Maximum Entropy with all features", "not_sarcasm_recall": 0.44686648501362397, "sarcasm_precision": 0.6077844311377245, "sarcasm_f_measure": 0.579172610556348, "not_sarcasm_f_measure": 0.4194373401534527, "accuracy": 0.6061415220293725}, "max_ent_with_only_interjection": {"sarcasm_recall": 0.0, "not_sarcasm_precision": 0.5100133511348465, "title": "Maximum Entropy with all features", "not_sarcasm_recall": 1.0, "sarcasm_precision": null, "sarcasm_f_measure": null, "not_sarcasm_f_measure": 0.6577060931899642, "accuracy": 0.5100133511348465}, "max_ent_with_only_pos": {"sarcasm_recall": 0.16348773841961853, "not_sarcasm_precision": 0.5505124450951684, "title": "Maximum Entropy with all features", "not_sarcasm_recall": 0.8365122615803815, "sarcasm_precision": 0.9090909090909091, "sarcasm_f_measure": 0.27713625866050806, "not_sarcasm_f_measure": 0.5847619047619048, "accuracy": 0.582109479305741}}