{"knn_all_features": {"not_sarcasm_precision": 0.6204188481675392, "title": "knn_all_features", "not_sarcasm_f_measure": 0.5888198757763975, "sarcasm_precision": 0.4918032786885246, "sarcasm_recall": 0.5538461538461539, "not_sarcasm_recall": 0.5602836879432624, "sarcasm_f_measure": 0.5209840810419682, "accuracy": 0.5574866310160428}}