{"knn_without_pattern_feature": {"not_sarcasm_recall": 0.6042780748663101, "not_sarcasm_precision": 0.5916230366492147, "sarcasm_precision": 0.5956284153005464, "accuracy": 0.5935828877005348, "not_sarcasm_f_measure": 0.5978835978835978, "sarcasm_recall": 0.5828877005347594, "sarcasm_f_measure": 0.5891891891891892, "title": "knn_with_punction_and_word_feature_only"}, "knn_all_features": {"not_sarcasm_recall": 0.6052173913043478, "not_sarcasm_precision": 0.9109947643979057, "sarcasm_precision": 0.3797814207650273, "accuracy": 0.6510695187165776, "not_sarcasm_f_measure": 0.7272727272727272, "sarcasm_recall": 0.8034682080924855, "sarcasm_f_measure": 0.5157699443413729, "title": "knn_all_features"}}