{"knn_without_pattern_feature": {"sarcasm_f_measure": 0.5891891891891892, "not_sarcasm_f_measure": 0.5978835978835978, "not_sarcasm_recall": 0.6042780748663101, "not_sarcasm_precision": 0.5916230366492147, "title": "knn_without_pattern_feature", "accuracy": 0.5935828877005348, "sarcasm_recall": 0.5828877005347594, "sarcasm_precision": 0.5956284153005464}, "knn_all_features": {"sarcasm_f_measure": 0.8375558867362145, "not_sarcasm_f_measure": 0.8678787878787879, "not_sarcasm_recall": 0.8081264108352144, "not_sarcasm_precision": 0.93717277486911, "title": "knn_all_features", "accuracy": 0.8542780748663101, "sarcasm_recall": 0.921311475409836, "sarcasm_precision": 0.76775956284153}}