{"not_sarcasm_f_measure": 0.0, "sarcasm_precision": 0.5136612021857924, "not_sarcasm_precision": 0.0, "sarcasm_f_measure": 0.5784615384615385, "sarcasm_recall": 0.0, "not_sarcasm_recall": 0.5441389290882779, "accuracy": 0.5788770053475936}