{"knn_without_pattern_feature": {"title": "knn_without_pattern_feature", "sarcasm_recall": 0.5457317073170732, "not_sarcasm_f_measure": 0.5810473815461348, "not_sarcasm_recall": 0.5547619047619048, "accuracy": 0.5508021390374331, "sarcasm_f_measure": 0.515850144092219, "not_sarcasm_precision": 0.6099476439790575, "sarcasm_precision": 0.4890710382513661}, "knn_all_features": {"title": "knn_all_features", "sarcasm_recall": 0.7017543859649122, "not_sarcasm_f_measure": 0.696230598669623, "not_sarcasm_recall": 0.6038461538461538, "accuracy": 0.6336898395721925, "sarcasm_f_measure": 0.5387205387205387, "not_sarcasm_precision": 0.8219895287958116, "sarcasm_precision": 0.4371584699453552}}